{
  "agent": {
    "metrics_collection_interval": 60,
    "run_as_user": "root"
  },
  "logs": {
    "logs_collected": {
      "files": {
        "collect_list": [
          {
            "file_path": "/var/log/webapp/info.log",
            "log_group_name": "/aws/ec2/webapp/info",
            "log_stream_name": "{instance_id}",
            "retention_in_days": 7
          },
          {
            "file_path": "/var/log/webapp/warn.log",
            "log_group_name": "/aws/ec2/webapp/warn",
            "log_stream_name": "{instance_id}",
            "retention_in_days": 7
          },
          {
            "file_path": "/var/log/webapp/error.log",
            "log_group_name": "/aws/ec2/webapp/error",
            "log_stream_name": "{instance_id}",
            "retention_in_days": 7
          }
        ]
      }
    }
  },
  "metrics": {
    "namespace": "CWAgent",
    "metrics_collected": {
      "statsd": {
        "service_address": ":8125",
        "metrics_collection_interval": 60,
        "metrics_aggregation_interval": 60
      }
    },
    "append_dimensions": {
      "InstanceId": "${aws:InstanceId}",
      "AutoScalingGroupName": "${aws:AutoScalingGroupName}"
    }
  }
}